time_h,radius_m,well_id,pressure_mpa
0.0,5.0,OBS-01,12.0
0.0,10.0,OBS-02,12.41
0.0,20.0,OBS-03,12.82
0.0,40.0,OBS-04,13.25
0.0,160.0,OBS-06,13.94
0.0,320.0,OBS-07,14.31
0.0,500.0,OBS-08,14.58
1.0,5.0,OBS-01,11.8904
1.0,10.0,OBS-02,12.3004
1.0,20.0,OBS-03,12.7104
1.0,40.0,OBS-04,13.1404
1.0,160.0,OBS-06,13.8304
1.0,320.0,OBS-07,14.2004
1.0,500.0,OBS-08,14.4704
2.0,5.0,OBS-01,11.7838
2.0,10.0,OBS-02,12.1938
2.0,20.0,OBS-03,12.6038
2.0,40.0,OBS-04,13.0338
2.0,160.0,OBS-06,13.723799999999999
2.0,320.0,OBS-07,14.0938
2.0,500.0,OBS-08,14.3638
4.0,5.0,OBS-01,11.5794
4.0,10.0,OBS-02,11.9894
4.0,20.0,OBS-03,12.3994
4.0,40.0,OBS-04,12.8294
4.0,160.0,OBS-06,13.5194
4.0,320.0,OBS-07,13.8894
4.0,500.0,OBS-08,14.1594
8.0,5.0,OBS-01,11.2029
8.0,10.0,OBS-02,11.6129
8.0,20.0,OBS-03,12.0229
8.0,40.0,OBS-04,12.4529
8.0,160.0,OBS-06,13.1429
8.0,320.0,OBS-07,13.5129
8.0,500.0,OBS-08,13.7829
12.0,5.0,OBS-01,10.8661
12.0,10.0,OBS-02,11.2761
12.0,20.0,OBS-03,11.6861
12.0,40.0,OBS-04,12.1161
12.0,160.0,OBS-06,12.806099999999999
12.0,320.0,OBS-07,13.1761
12.0,500.0,OBS-08,13.4461
24.0,5.0,OBS-01,10.0537
24.0,10.0,OBS-02,10.4637
24.0,20.0,OBS-03,10.8737
24.0,40.0,OBS-04,11.3037
24.0,160.0,OBS-06,11.993699999999999
24.0,320.0,OBS-07,12.3637
24.0,500.0,OBS-08,12.6337
36.0,5.0,OBS-01,9.4715
36.0,10.0,OBS-02,9.8815
36.0,20.0,OBS-03,10.291500000000001
36.0,40.0,OBS-04,10.7215
36.0,160.0,OBS-06,11.4115
36.0,320.0,OBS-07,11.781500000000001
36.0,500.0,OBS-08,12.0515
48.0,5.0,OBS-01,9.0544
48.0,10.0,OBS-02,9.4644
48.0,20.0,OBS-03,9.8744
48.0,40.0,OBS-04,10.3044
48.0,160.0,OBS-06,10.994399999999999
48.0,320.0,OBS-07,11.3644
48.0,500.0,OBS-08,11.6344
72.0,5.0,OBS-01,8.5413
72.0,10.0,OBS-02,8.9513
72.0,20.0,OBS-03,9.3613
72.0,40.0,OBS-04,9.7913
72.0,160.0,OBS-06,10.4813
72.0,320.0,OBS-07,10.8513
72.0,500.0,OBS-08,11.1213
96.0,5.0,OBS-01,8.2779
96.0,10.0,OBS-02,8.6879
96.0,20.0,OBS-03,9.097900000000001
96.0,40.0,OBS-04,9.5279
96.0,160.0,OBS-06,10.2179
96.0,320.0,OBS-07,10.587900000000001
96.0,500.0,OBS-08,10.8579
120.0,5.0,OBS-01,8.1427
120.0,10.0,OBS-02,8.5527
120.0,20.0,OBS-03,8.9627
120.0,40.0,OBS-04,9.3927
120.0,160.0,OBS-06,10.082699999999999
120.0,320.0,OBS-07,10.4527
120.0,500.0,OBS-08,10.7227
168.0,5.0,OBS-01,8.0376
168.0,10.0,OBS-02,8.4476
168.0,20.0,OBS-03,8.8576
168.0,40.0,OBS-04,9.2876
168.0,160.0,OBS-06,9.977599999999999
168.0,320.0,OBS-07,10.3476
168.0,500.0,OBS-08,10.6176
